0_mean_shift,0_var_shift,0_psi,1_mean_shift,1_var_shift,1_psi,2_mean_shift,2_var_shift,2_psi,mean_confidence,confidence_trend,batch_size,batch_id,ground_truth_drift_label,adwin_alarm,ddm_alarm,kswin_alarm
0.3635744208512648,-0.8854845659851405,0.3482234848988072,0.3928266736270736,0.5580136087509171,0.18242562259693273,-0.48340434433767854,2.7050938978780454,0.2356911428462377,0.912057252933934,-0.0008862853395163352,50,0,0,0,0,0
-0.37890029555149063,-1.1175557292479015,0.2565955366942826,0.20049872662331847,0.4814081958011389,0.13328650781180953,-0.7457612516517678,-0.7997165102188157,1.558352251663499,0.8833463061423562,-0.0003844642345081871,50,1,0,0,0,0
0.7061342897744423,0.12338501211002395,0.39457991317276747,-0.6479473876648711,-3.6363802072388696,0.6569627693636457,-0.25605397652654194,-0.9362260325971343,0.10937152277239688,0.8838311984007485,0.000901800755767542,50,2,0,0,0,0
0.03362593661057822,2.459511012140978,0.15664330795898845,-0.09171305347560033,-0.0269948950420833,0.16336808351919088,0.09702852373961424,0.09130135488968172,0.5169257941589396,0.8751797154082404,0.0021425212935584233,50,3,0,0,0,0
-0.3268137046907533,-0.770411170708801,0.19961337500357942,0.7542777849153781,-0.2714372717425899,0.14529488561278314,-0.3047252407761505,-0.740356848230447,0.06931400973034339,0.9127886915814993,-0.0014338549457991697,50,4,0,0,0,0
0.125144923152539,-0.5682892355384732,0.2661591775687267,-0.08603988998566159,0.33448634315143977,0.2468154186564924,0.3082465043170908,-1.6615523266736698,0.28084667243306394,0.8624079484504945,-0.0011505186387647886,50,5,0,0,0,0
0.36115677475463404,1.0102126552165558,0.12087863900623197,-0.7293318310606471,-0.41483010943627985,0.11995943480038812,0.6290527617991923,2.1286069959179468,1.5513160277108897,0.8909418903234219,-0.0017107074817884504,50,6,0,0,0,0
0.16862711515974382,-0.06992782499907957,0.06438516953114748,-0.5286773661388979,-0.04340455941955135,0.15664330795898843,0.7199299281554516,-0.7461298658907758,1.2524228555413073,0.8842445689506964,0.00079671693265538,50,7,0,0,0,0
-0.6021648873613481,0.6329879266596468,0.18504951555267704,-0.013780519517683665,1.319722867206762,0.2358603191918145,-0.4209677189799832,1.2186997267398514,0.3726451799095036,0.8792858612831913,-0.00023922138866877906,50,8,0,0,0,0
0.3425758593093322,-1.9949909122829634,0.33241710759553506,0.15986243429288383,-2.254229408492507,0.24411849461963928,-0.5090525418434186,-0.023101405423661348,0.12898785783592998,0.860530151906248,-0.0009728285668753291,50,9,0,0,0,0
0.05136023701277814,2.42361878151592,0.3942078989284629,0.15730491170421335,-2.002414597741799,1.2763236288000732,-0.7843951720798801,-0.5546584065095077,0.2010008417229288,0.8991136252691854,-9.16842316756059e-05,50,10,0,0,0,0
-0.4716153957561273,1.201723558395205,0.24851014150683226,0.08564051173034493,0.1823509637366003,0.20024848647363497,-0.05712711067121656,-0.9594963683562918,0.3367163686649721,0.8826469063063204,0.0006403655899826189,50,11,0,0,0,0
-0.04355968231489804,1.3305948583287766,0.2001887599050261,0.01771266329734278,-0.5032398175605861,0.10791648963409323,-0.6341269494014821,0.6779322173202189,0.13328650781180956,0.883758640387235,0.0022824916292335878,50,12,0,0,0,0
0.5845950670575313,0.27429554207760987,0.4193341093639521,0.19688474482829577,3.30555790813764,0.3841522961433387,0.4708754357180256,2.495426211050077,0.27891101676312813,0.8894611285433559,0.0005449806048074074,50,13,0,0,0,0
-0.7160679561744976,-1.1379142282544583,0.17188782111034834,-0.3031744760238828,0.11442250823679245,0.11901130940770034,0.8966510350409438,-0.2919109922913865,0.25880598948397643,0.8578930617567735,0.00018781600723117943,50,14,0,0,0,0
-0.08437284724918914,0.21809844471987105,0.06972630619057138,0.039148894438660875,0.2952195606312351,0.25086732992619354,0.9849454871553283,-2.2726643210726545,0.4997641665522375,0.887201062336849,0.0010092457178315739,50,15,0,0,0,0
0.048132438859425086,-2.665550057785941,0.27762179137340537,-0.1296735388229564,1.5788053720837443,1.3706699644140998,-1.2159620672986855,-1.7310892925942767,0.3306208400766817,0.8835254644092614,-0.0008279524643607898,50,16,0,0,0,0
0.7106000279778257,-2.358911726291929,0.43693581093467326,0.09823946218317037,-0.3964590421845937,0.16150391144223555,-0.12173440364199273,0.49498147616344745,0.10257535297466933,0.8659937187050493,0.001610778848377402,50,17,0,0,0,0
0.2357673545365273,-0.9180750537829407,0.1041065318738323,0.4205523344152926,0.7730049605307983,0.1494348417010329,0.19285468044356602,-1.8274948525976153,0.1633680835191909,0.9091034383825517,0.0003262027738536975,50,18,0,0,0,0
0.07245053681112257,-0.44281866452755114,0.33753578029116466,-0.27286399762073454,-1.7804477954946067,0.4912426512623116,0.05378152588536089,-1.45248963959759,0.2890575133697154,0.8686040360700812,-0.0023211732931933482,50,19,0,0,0,0
-0.6161894740320903,0.4709417858924638,0.18977997728689405,-0.11314585023591306,-0.4629737672485774,0.14479362404564464,-0.521620103976792,-2.771329324941517,0.30500361098191675,0.8680607181785928,0.0011929950611089166,50,20,0,0,0,0
-0.15701028899111247,2.566606613866516,0.2146742189703332,0.32471495061583955,0.44399358185602367,1.2932482774487226,0.13608805228604304,0.40137370441378817,0.30814593783944283,0.916103632582229,0.0003547065854609503,50,21,0,0,0,0
-0.32859272348454205,-0.6756292492597709,0.22588438185714238,-0.13263677017376363,-1.7803121267849864,0.3182108463563874,-0.3765812685823624,-0.6893232163350325,0.11106749604261607,0.8727631824703395,0.002928867380293041,50,22,0,0,0,0
-0.6006008949467931,1.8627859791338803,0.22301933904775076,-0.095100342868915,0.10884959350187451,0.1460189604531866,-0.25261798773570554,-0.2628295380989849,1.3264450479259522,0.8604351487181324,-8.782830844858101e-05,50,23,0,0,0,0
0.35636648171815555,-0.43765898639299117,0.1264909491076395,-0.4950816212498328,-1.6167736432459279,0.21755976435329497,0.23225129245681408,1.6908979519128957,0.17917384972890557,0.8551628408107664,0.0007987322965529027,50,24,0,0,0,0
-0.05608167899189187,0.20280627831340325,0.1183817302779415,-0.08309852898086056,2.2737368518158103,0.15906882244975384,-0.4650111032419044,0.607944913259634,0.16336747242563338,0.8462420873545774,0.003508819362083377,50,25,0,0,0,0
0.7067190139949764,-2.361684562054748,0.20092807673939642,0.2872425722854999,-1.3373722453236692,0.40698778197834506,-0.059377718600059914,0.09371675675698299,0.054708712126635285,0.8561669144872401,-0.00015926245604847282,50,26,0,0,0,0
0.5330918705928802,-0.2212472218949184,0.3201557383155207,-0.016814303387008067,-0.560270485820368,0.14416404491588578,0.36785124150539605,-0.21444537450099332,0.17168767276188254,0.8604429134435226,-3.035158684328935e-05,50,27,0,0,0,0
-0.29982096748797726,-1.863125671182022,0.22588438185714238,0.03637733860498127,-1.2554097025652782,0.35023670292934456,0.3202656304794349,1.576310665542195,0.09625318876848271,0.8578145810781852,0.0019919588969476492,50,28,0,0,0,0
0.2660147650998441,-1.2389003378220185,0.23642218334372675,-0.19919544480382356,1.7540228532150204,0.3046207705583363,0.26417323801358616,-0.4068074094579206,0.10257535297466933,0.8859217421651219,0.0005615385089800973,50,29,0,0,0,0
-0.342504872265212,1.6269129535227833,1.259882980897814,0.08180688972116812,0.5864047828020267,0.20789756687137945,0.9816032223808291,0.09503648026645983,0.37798631656892745,0.878887755504058,-0.0018400410975694481,50,30,0,0,0,0
0.29816887396684777,0.2045317493825154,1.2669772705951599,-0.6552520506592909,-0.8133191916384446,1.385357459278437,0.16755119106879235,1.8194978688554482,0.38674981904169764,0.8650926398749887,-0.001534422058933707,50,31,0,0,0,0
0.025478873881593422,-0.3975345384951119,0.13867198460456656,0.39670573800654996,1.5260482408888238,0.1413256228713349,-0.23417576468616552,0.21778776502844366,0.2832786039039693,0.8825365436888559,9.696248143275659e-05,50,32,0,0,0,0
-0.3574038127343293,-0.04810390093820871,0.202833600009029,0.1749530459599704,0.29890015344602716,0.12794537115238563,-0.31850809995676066,1.5826009876731355,0.08893034479387649,0.8709008948789903,0.0019213972845508623,50,33,0,0,0,0
-1.1510709644720185,-0.1362705374504234,1.4169580666166561,0.11065389748681831,1.3911912608788555,0.292403165217483,0.0018716980555950613,-0.45298401043499936,0.10937152277239687,0.8547245150675739,-0.00013738173625853624,50,34,0,0,0,0
0.06106083843948795,-0.3761656754924445,0.14846269489176536,0.3027518871941206,0.1314184320371634,0.17438650753740736,-0.5526451339465854,-3.0747379971107165,0.44283786849460516,0.8954176746652414,0.00024149849663122414,50,35,0,0,0,0
1.163478660556021,1.6655312480929734,0.5351747316507175,0.44139931542581046,-0.8484199897544809,0.07783552502026939,0.031550126188336414,-2.2552492158471944,0.3348432331798579,0.9324198708537486,0.0004594127675861302,50,36,0,0,0,0
0.12585706740791203,-0.03374237175344241,0.24028028915196142,0.05045271254285044,0.5172079202375883,0.2560367407084913,0.513710343842047,0.6591675403549573,0.09446613414497135,0.9071666228730635,0.0002970653617999447,50,37,0,0,0,0
0.06652954171150771,-1.184585149179422,0.2506967706542785,-0.07318154059235926,0.3437993842482552,0.10764865150098081,-0.2837649726803191,0.30281287643917665,0.21153420429738493,0.869932587716788,-0.0004335607288651599,50,38,0,0,0,0
0.6534006643415564,-1.5066188007896066,0.16766673349507047,-1.2902796937820717,-2.378669010503044,1.4787518868073204,0.09443820432041417,1.1048464496615669,0.1085466798574096,0.8944569696067937,0.0005399277879277957,50,39,0,0,0,0
-0.331587631029314,-1.166950754813037,0.2832786039039693,1.056127627367812,-1.2401501399248485,0.33671636866497207,-0.6676318247896811,-0.10666743802918255,0.2640745653006642,0.8833889482267252,0.00037848322960452706,50,40,0,0,0,0
-0.9711052427439633,-3.006984531586199,1.3757394128613853,-0.5620732235044192,0.10722424393217977,0.20625244455066427,0.8065559848559989,-0.5218216924985128,0.22671039137734073,0.8278376531867515,-0.0016276693993648947,50,41,0,0,0,0
-0.2603940824331161,-0.07208645554664006,0.1379974542479171,-0.2686037916667523,-0.432576807890916,0.1005463525043544,-0.2702502966138818,-0.3136320262918364,0.2002446068371848,0.8656801433481605,-0.0003211696418916003,50,42,0,0,0,0
0.06034033583784737,1.678808690345151,0.19879018479243868,-0.022562172681593218,-0.6940024160953335,0.22005014354710378,-0.2987457332746315,1.633778544373504,0.22106675182479762,0.8882589137761243,-0.0015248036973170226,50,43,0,0,0,0
-0.5573358589825883,0.23886279399373667,0.15906882244975384,0.43717585545327076,-0.9578531151913054,0.1498936606346835,-0.023170367736435438,-1.0857808583112414,0.22020537047067057,0.8843439508513187,-0.0011125045989786627,50,44,0,0,0,0
-0.092898815214844,1.7698803226957143,0.33297802849604297,-0.1280670323003088,-1.2712831700053098,0.052053210382325084,0.3107863843906147,1.403675289378043,0.2808466724330639,0.8677998438601717,-0.001074563275061016,50,45,0,0,0,0
-0.13048198558798596,-0.07952008746767358,0.19435003680886137,0.17026367562689337,-0.33724453934949405,0.24656806885675647,0.6937742295845419,-1.969545457989109,0.23506095262292137,0.8537489486146367,0.00026974916628174153,50,46,0,0,0,0
0.579302330295171,0.6048307165423514,0.2813353646486826,0.5266466725895569,1.0385086170056228,0.2663671819132327,-0.2966410177927479,-0.688545048656529,0.2146742189703332,0.87762398753323,-0.0011574855899561811,50,47,0,0,0,0
0.943918689829502,-1.236433929628177,0.42021857204088536,0.42648287594014356,1.4383456844211722,1.4802746011369285,0.6341693075851689,-0.3065137167765304,0.21265308673631986,0.9234669371432271,0.0024243124495149137,50,48,0,0,0,0
-0.08819455211575011,1.6404426694853207,0.2808466724330639,-0.5137991227921122,-1.0439172898864415,0.16633696574849857,-0.03901353576180622,-1.1974926385674411,0.1339166980351259,0.8686489182004835,0.0022376953573820598,50,49,0,0,0,0
0.026543865734639738,-0.2939606078332755,0.13328650781180956,0.10350664807441134,0.5248538199917263,0.29194149220667104,-0.17193571791096396,-0.49941451579217233,0.0925994156399972,0.8560938868587585,-0.0030146893684570063,50,50,0,0,0,0
-0.5423727143309538,1.0604691782307807,0.3239897558221334,-0.13071725842203463,-0.891757640295304,0.2450884204604475,0.059228880628949376,0.5725777390795663,0.21306538319654783,0.8583253077984613,0.0016504432400327152,50,51,0,0,0,0
-0.33689357026168665,1.0246325600319501,0.08086700847019698,0.07251084366576777,0.4251323142153556,0.19643299637307735,-0.5537647800192422,1.5748178973743228,0.3204979310055761,0.9124843759910348,-0.0008768817399177576,50,52,0,0,0,0
0.7079083653171372,-0.5999663191247215,0.33678681965109286,-0.7553784348940216,0.5929623745193915,0.27150243914286737,-0.08779898927662888,0.009423502978711085,1.2880486387969967,0.9018693696419281,-0.001872602921936073,50,53,0,0,0,0
-0.42028039353396807,-1.1477234690246547,0.11408246920850444,0.2995703340713094,0.8887118286217284,0.5285559057763386,-0.07327390071877371,-0.998009856250385,0.24452962447465618,0.9007324163738187,-0.002066101869619848,50,54,0,0,0,0
-0.0517729064565744,-0.2829939039159548,0.11925890230853284,0.6314055398174636,-0.9973515415215415,0.30808982609589436,0.12702007500724832,0.8542333039451098,0.15906882244975384,0.8903658254758082,0.0016061682762182282,50,55,0,0,0,0
0.25793479971250033,0.1173888038833617,1.4040027018959509,-0.2666142325755789,-1.951006256300695,0.31343096275531823,-0.18635509909192471,0.1680386555621336,0.12517728898211156,0.8737983249094,0.00102358045942892,50,56,0,0,0,0
-0.06897148985018653,-0.5282447983243213,0.21687417435159775,-0.43255667729563196,0.9950550308091337,0.17999703994004634,-0.6005158001454252,-0.04915067864060596,0.18735446279612866,0.9098771681099781,-0.0006031381563707605,50,57,0,0,0,0
0.14057914158799,-1.608484847129251,0.1886382356660829,-0.23107577167813265,-0.009598953862145265,0.06008463670340587,0.10522485017973082,0.5119464260501534,0.2254732520021254,0.8605280766919221,-0.002226320718521635,50,58,0,0,0,0
0.10566584558580061,-1.5307440294967813,0.19687076917939952,-0.15723108359093363,-0.23794640858026206,0.15940210702586186,-0.16354865027398535,-0.6701246287769447,0.1565165616429001,0.8822394037235519,0.0018561852241467303,50,59,0,0,0,0
0.24732280730419198,0.9677686722626913,1.2874184485736804,0.053934097342999365,0.16858972358914315,0.33671636866497207,0.31552280716526315,0.8248209059759049,0.22054441180292952,0.8449486798083224,0.0005846755812427878,50,60,0,0,0,0
-0.00028230810303409015,0.7575385761872084,0.10410653187383231,-0.49889151766447526,0.15635038348799313,0.16766673349507047,-0.3217393868525429,-1.5449147975126607,0.23254022025238322,0.9095546963807108,-0.0015971722555057567,50,61,0,0,0,0
-0.22273197214849727,-2.352475468760665,0.4227295496955257,0.32113690302777975,-0.7502258671394806,0.22061580604045458,0.626286429768264,0.9905288463253559,0.17437070979306765,0.9245567543831652,0.0016530418831007955,50,62,0,0,0,0
-0.8363651164335613,-0.03366946822334249,0.3243801174507264,0.29590626723136104,0.05891375101594676,0.14756170621591874,1.0399468330354216,-1.6776121509459028,0.36751972747992967,0.9311557707202536,-0.0004331013601606684,50,63,0,0,0,0
-0.07641849574675064,-0.8015137900056004,0.1093715227723969,-0.7913610018949937,-1.556558042780912,0.2577866191883092,-0.13418302719580133,-0.44430055623892706,0.1633680835191909,0.909384902074911,-0.0013013325445588462,50,64,0,0,0,0
0.35041352241703105,-0.7167300434620731,0.27026727805948714,-0.0891451479061427,1.14166352631557,0.21873252174027055,0.34333735934326537,-1.0551147508499579,0.33637263438025233,0.8932062278136241,0.0011139653643003373,50,65,0,0,0,0
-0.1384863516302417,1.7294539060389758,0.23267994056131241,-0.0340083390225443,-0.09768218343575086,0.10336183419350059,0.14054430684469477,-1.0189600925766467,0.06931400973034339,0.9310924684772278,-0.0008305729883992709,50,66,0,0,0,0
0.054065116334136576,-0.7712296528891578,0.1076486515009808,0.3409015854008448,-1.4333480644164105,0.31092763704688775,-0.43325924234401647,0.824435632998779,0.16666055513176997,0.913267202767866,-0.0007273349883219598,50,67,0,0,0,0
0.9493340316908396,0.2708928207915058,0.4548650609851359,0.1751787959031228,-0.6065454816807474,0.08893034479387649,-0.7703047929973401,-0.2040858212613852,0.2995694774111794,0.9267813306366698,-0.0005695070957185945,50,68,0,0,0,0
0.3637754621015121,1.8297943764258697,0.24550071692067546,0.1661374290671196,-1.5829847185703034,0.2140375300058154,-0.49873436818287775,0.142731782994022,0.10553370230368987,0.9440401142290505,-0.0007469173427707029,50,69,0,0,0,0
-0.24533817676379144,0.5018442434180681,0.09509632436828769,-0.12798642989131892,-1.7341838568066246,1.2594982419887784,0.3788984252257137,-1.1792160352497794,0.24117725080740174,0.9409024535097433,0.0010164634322052373,50,70,0,0,0,0
-0.714741498485739,-1.013595015980341,0.22734058160065707,0.39544004684937484,0.7121693341520157,0.1867242725728123,-0.30271686325175917,0.0626074241310377,0.25610684447866394,0.9477873674841346,-0.0010239449636510196,50,71,0,0,0,0
0.07573773171952158,-0.5316018457815881,0.16877685202400525,-0.5626363609477485,2.0740717655491947,0.31522689811632487,0.4281220122801379,0.13440859690891038,1.327139810916365,0.9555237119609843,-0.0002666996857853612,50,72,0,0,0,0
0.4328121663862765,1.32611125591278,1.2626786206192804,1.4922142425460718,0.3623254019922024,0.4098214410488308,-0.2275957286462278,0.286702812724398,0.2146742189703332,0.9473718986602465,5.4217750972743625e-05,50,73,0,0,0,0
0.7245119950562566,-2.3737552272007694,0.29561172965800275,0.7003539852544716,0.8411099341673571,0.22491445601633417,0.40040463205000254,0.43597344726419074,0.23843479028070666,0.9614502146265521,0.000467608776572412,50,74,0,0,0,0
0.497325200616344,-0.0038017039766113925,1.2188783948263577,-0.47135130845151973,0.30267110088335514,0.42238981407803383,0.36461752299941974,-0.575777245038033,0.19879018479243865,0.9475181196740314,0.000900086233703624,50,75,0,0,0,0
-0.41265857791129523,0.49482983405570913,0.3158564772460836,-0.21000161670863715,0.2292887027327417,0.058219189956736285,0.3399507762543923,1.211247599980207,0.0962233531057417,0.9318246217591859,-0.0016411997559105601,50,76,0,0,0,0
-0.26417013611016404,-2.096682612426612,0.2604054944545435,-0.24657197037560152,0.43731203305513766,0.14756170621591871,0.15887741598935357,-0.7615683954636552,0.3634708301121839,0.9623461447111206,-0.00023413538985350823,50,77,0,0,0,0
-0.7181475256000427,1.1860179199167025,0.1143003629715928,-0.024911569438053505,0.45064460507650494,0.2342455078900499,-0.10283039287348661,2.8298771730485246,0.19269653843602028,0.9233581846053728,-0.0009863804737005395,50,78,0,0,0,0
-0.499019283567133,0.8037389834928845,0.16399766264894977,-0.44832454924660237,-1.075782395263663,1.2855303894246293,-0.4621980045318441,0.04888054300824152,0.08400150459468057,0.9420354671580999,-0.00020771257319671227,50,79,0,0,0,0
-0.6955923401312676,-0.2620600621391773,0.27150031422815063,-0.02729417984188398,0.057729371833737275,0.36985303799287766,-0.30474410266646235,-2.264600675758735,0.25763882888401174,0.9377178024906194,0.00018683761882191033,50,80,0,0,0,0
0.49447044610687474,-0.568400390168069,0.13906055938200168,0.8491903891284016,0.4626006119339685,0.1315696856079402,-0.07491738880357257,0.59303559530683,0.11027251144824349,0.9550314198406958,-0.00038429226140972405,50,81,0,0,0,0
-0.5165851679849895,-0.7509685633107361,0.14438132758541666,-0.5098723783489358,0.19704168313058545,0.2516666964950866,0.10636374621096145,0.1857006939140753,0.4499043357103062,0.9332321791609205,-0.0012880309768207839,50,82,0,0,0,0
0.5507917843711025,-0.9219799788870731,0.18194193189917968,-0.28697318992503984,-0.36882483548185974,0.15657191372146334,-0.17196175369094036,-1.8217078443767303,0.2623503864136768,0.9325150706408055,-0.0006831765361302537,50,83,0,0,0,0
-0.4065976519127421,-1.46835048222448,0.4263943908565616,0.3727369075120821,-0.73453688895151,0.18728306855860358,-0.3077970248756863,-1.049983400319137,0.26040761936926027,0.9302091582582352,0.00031881111431243154,50,84,0,0,0,0
-0.183598045575879,0.7791583383303289,0.26895248609056366,-0.3637977533171286,-1.2557882234984232,0.08830015457056015,-0.2887384095633241,0.08680118388953328,0.21857637263098884,0.9405601571482647,3.919567503928393e-05,50,85,0,0,0,0
-0.04434538155307077,0.49646722547229594,0.15074524896562516,-0.023374751684875683,0.17280129734760052,0.04394399155262709,0.7533196507361906,1.7777468010473934,1.3898230836081082,0.9318625811811743,0.0009567429910668397,50,86,0,0,0,0
-0.3389853326984644,-0.17416946246360432,0.2488983782207084,0.9633020288228282,-2.844471698537424,0.4195728128673327,-0.3015739273117326,1.0652043745030344,0.23447587604380202,0.9342870952827849,0.0009316712139982524,50,87,0,0,0,0
0.41385794809374765,1.6933271160226395,0.22547325200212542,0.019410305470669798,1.28175052550516,0.15095960362005584,0.22564427575532697,0.7979670266134882,0.5518138654958059,0.9339628224940653,0.0002629544498230433,50,88,0,0,0,0
-0.10358308615088685,0.1820712166264098,0.2661591775687267,-0.21005769878278713,0.28925194074092175,0.07754063896430428,0.22176731711328124,-0.33224948629126594,1.3994628702434118,0.9233724758112285,0.0010420491015729403,50,89,1,0,0,0
0.37834234444766235,-0.5646721618759072,0.35397966708655143,0.19777879891342032,0.8246444584951256,0.08893610169680236,0.03317501186489302,-0.789079831530433,1.4227944440390279,0.938354679946709,-0.0001689643731438759,50,90,1,0,0,0
-0.5245094800585735,0.6222572222782627,0.12268038025382105,-1.0088101883041176,-0.5968778354923359,0.37560719331793113,-0.037381093180310465,-1.8753635114517833,1.3315098551297697,0.9384800136832816,0.0002464061377777515,50,91,1,0,0,0
0.12979113861733982,-1.5042423838079761,0.15249054641511464,0.12067415094685963,-0.6064002541700386,0.2322928704526473,-0.6810660230746706,-0.7025503219860791,1.3068142119172501,0.9446198249649936,-0.0005893952853673673,50,92,1,0,0,0
0.4302483849495502,0.5802962064311892,0.1379980653414746,-0.31072696212730655,-0.511601053440927,0.28432143780346186,0.8561898335642191,-1.403184504616985,0.4614798195921912,0.9394908426894313,-1.896362595489992e-05,50,93,1,0,0,0
0.693120521136569,-0.9335289693621682,1.3833199817997388,-0.6035580583296714,-0.6691885911511246,0.16399766264894974,0.0764513547370349,1.0716710718024398,0.1336846348052311,0.9281174562579008,-0.00033069644801500547,50,94,0,0,0,0
0.09824549319056697,0.9793775277684915,0.26963173096179555,0.2673450737773049,-1.2674598909576158,0.0835892081344526,-0.1482598164061084,1.9741123448707896,0.20882846751698686,0.954228728052223,0.0002545073042844291,50,95,0,0,0,0
0.15030850675643315,0.015483148745405018,0.09259941563999721,0.7037677319719045,0.8091295649329204,0.28196555487199887,0.10086798777691897,-0.9976124155199795,0.25388895833983577,0.9560038587299176,0.0006849516568119817,50,96,0,0,0,0
-0.26228029248543105,-1.084942398590905,0.14236810955487925,-0.28519843780321175,0.7683068052921271,0.21108549885692732,0.1425370252066065,-0.9380702929100178,0.2904870701619248,0.9655825720421592,-0.00067179806588767,50,97,0,0,0,0
-0.16502831194543877,-1.24837983442848,0.16954102221507988,0.10841354290291161,0.20623114930849518,0.18728306855860352,-0.20793008705549365,-0.8281138054588277,0.25481742368766225,0.9444881199311713,-0.0005379536468653469,50,98,0,0,0,0
-0.0914669608554135,-0.8332339286573314,0.13702697289545535,0.5361682368564606,-1.018755873894408,0.24933615102703058,0.6672552809924301,-1.1243676793810415,0.2904169663917522,0.9438041377867326,0.0007501961163744701,50,99,0,0,0,0
0.3097025667260578,-1.1146371462748537,0.2984547909839252,0.4622347277457042,0.7997403072487792,0.2560367407084913,-0.6130860948355217,1.938660799532883,0.23918965442044335,0.9628816447449999,0.00010642755414831318,50,100,0,0,0,0
-0.35958474409527597,-0.9798805780019055,0.24550071692067543,0.06852907836521815,0.3772636502365341,0.11901130940770034,-0.7350556079604225,-0.7667151553460085,1.596542435107021,0.9633338036483741,-0.00039800820479401214,50,101,0,0,0,0
0.6155933783744834,0.05511265892602335,0.34977207046007774,-0.5810429311243608,-3.742075536711126,1.663534545504262,-0.17238381249316337,-0.4585532092846867,0.09786440653856178,0.9406232388867204,-0.00040404663868707613,50,102,0,0,0,0
0.1103114269701253,2.519274057664587,0.17625964302252156,0.0005593898779601147,0.4037451773914391,0.11748074160209487,-0.08405567044182849,-0.16339637850506072,0.42735622895048564,0.9577097438043483,0.0007031985632312128,50,103,0,0,0,0
-0.3669516735368612,-0.7777806826996274,0.20577935457799065,0.6185057320927312,-0.46009767928514833,0.10678067873513586,-0.16913024680472688,-0.8256432597767525,0.08893034479387649,0.973066846483978,-0.0005693630329470633,50,104,0,0,0,0
0.1073353717997918,-0.5630774332740529,0.2661591775687267,0.0009217007218209616,0.32843511015177107,0.2502844741940504,0.15415557338599495,-1.383017294696737,0.23649050941513083,0.9399180489043962,-1.0215569574910187e-05,50,105,0,0,0,0
0.34546593536494097,1.1473976227333766,0.09509632436828769,-0.7317984689062449,-0.36442420005222864,0.11995943480038812,0.7817614939809738,1.6821499237972182,1.5011915700256904,0.9588983124276674,0.00025957866049506814,50,106,0,0,0,0
0.21551142820889702,-0.10676248598674931,0.06438516953114748,-0.53071985920079,-0.04468959702615827,0.15664330795898843,0.5946397867327597,-0.2772280333769155,0.22494824277326142,0.9503531268341373,0.00016117963875978322,50,107,0,0,0,0
-0.6162935403283356,0.6600186723671468,0.2039182144661372,-0.058579248979358844,1.2856756301782832,0.1522726526520263,-0.3996585491263591,1.1226276006320441,0.33040530616473995,0.9506942633641069,0.0015809770765074392,50,108,0,0,0,0
0.4197953786876205,-1.8898370285317183,0.263104639459856,0.2056547928462127,-2.1832871665771565,0.18728306855860358,-0.4353029541222204,-0.26009569169555125,0.1143003629715928,0.9446460862185145,-0.0003269578333516784,50,109,0,0,0,0
0.07068011049090117,2.568543918040964,0.3942078989284629,0.07913783231186056,-1.910505042736248,1.2874184485736804,-0.7181220583472188,-0.45873348761037214,0.17470062047261425,0.947215232396732,-0.0016656276954664108,50,110,0,0,0,0
-0.6494141427913487,0.9940323037496537,0.29243065663315987,0.14690892990859883,0.08553636303500411,0.20843989273955177,-0.03987124853247437,-0.8907803985304357,0.3431937944254386,0.9555211184761496,-0.0007114906880829162,50,111,0,0,0,0
-0.04397298756218326,1.4046277324138465,0.21999041697849495,0.0417071945498213,-0.43692434194317364,0.19150415617388145,-0.766464090583379,0.6734832855047408,0.15290284287534264,0.9542135870714654,0.0002145511751812743,50,112,0,0,0,0
0.7630475272445798,-0.24015183580037913,0.5411119593472621,0.19041998867898347,3.2855007936054514,0.4142332607571626,0.5900455850717803,2.278994473710096,0.22214698493961757,0.9626560482567773,-4.340145793202593e-06,50,113,0,0,0,0
-0.7047646775181251,-0.969762572409202,0.10257535297466934,-0.34505160264466195,0.04979046891025263,0.11901130940770034,0.9034360087989235,-0.14198362241969598,0.26373482968317236,0.9595342750726249,-0.0011551580233889532,50,114,0,0,0,0
-0.270180916496253,-0.04423309223599681,0.08934264125410446,-0.008043220048511657,0.4687095519394511,0.26237444616002864,0.8766557911369777,-2.3274164197231837,0.4842765332862264,0.9646295880034732,-0.00011582211520312828,50,115,0,0,0,0
0.18243912823248554,-2.9047940983941034,0.321542306499733,-0.14114718551058925,1.7646920612873274,1.355493777334144,-1.1130319394508854,-1.098733102628744,0.2728154881748378,0.9507543941243903,8.623045286699607e-05,50,116,0,0,0,0
0.7057678998145898,-2.332664348595361,0.44341323669513977,0.1338671015962074,-0.656486977568413,0.2000181183198828,-0.194990250853599,0.047298874352245335,0.11685055137877852,0.9471261195918654,0.0007555394158564766,50,117,0,0,0,0
0.2209069838492299,-0.858296484026777,0.06931400973034339,0.5807588476807783,0.8258575178270373,0.17521715633897722,0.22068635387469016,-1.7301516400709946,0.10937152277239688,0.9662073696453558,-0.0004990152511265041,50,118,0,0,0,0
0.019269692549005235,-0.38673653871838454,0.2365752451623948,-0.39760638531179016,-2.2520289392085724,0.5145280571719655,-0.0709689362591357,-1.3887975049393626,0.23600927578994127,0.9388538595469729,-0.000432070462071723,50,119,0,0,0,0
-0.6261626532437088,0.5238516309192169,0.18485113708769813,-0.06418355260315245,-0.4844421228590825,0.16336747242563338,-0.4990170221081218,-2.8166421219290667,0.27087073509839177,0.9523266363750892,-0.0012525459419441577,50,120,0,0,0,0
-0.11042429181846902,2.590041614623468,0.21966156876966872,0.2887493724944248,0.47906438682149854,1.282153457675116,0.24166844204814986,0.3655198714469865,0.30401341602503507,0.9736220709953121,0.00031407866483898765,50,121,0,0,0,0
-0.4412396283948423,-0.15896212581765123,0.23198549684999323,-0.05475154131397275,-1.566220178010341,0.24889837822070837,-0.3534979268711842,-0.4889812486102425,0.2041506401342906,0.9569636087620155,-0.0003757047901307508,50,122,0,0,0,0
-0.5403099219687206,1.512408267689798,0.18055829299840112,-0.27965677583333726,0.36105841044516396,0.15429597856238964,-0.24769074442482264,-0.2226056757133721,1.3181680298167495,0.9614593933548357,0.0004047723786426218,50,123,0,0,0,0
0.3783206918097859,-0.5106845872276562,0.11838173027794151,-0.48264932221370227,-1.7174231009134644,0.21755976435329497,0.19944575953199895,1.5018749311452986,0.16807902995529847,0.9683858065537081,-0.00020384083522216297,50,124,0,0,0,0
0.025419078479368196,0.043809512414490825,0.1183817302779415,0.12615886426834155,2.32041917079996,0.17764267082974258,-0.5871389514078125,0.6036459075476373,0.24078915939101042,0.9455079877910539,0.002119885055533043,50,125,0,0,0,0
0.6025734849526616,-1.8513101015821345,0.16766673349507047,0.10751329224452011,-1.5288386543285402,0.4266041170418782,0.050947926451004655,-0.08572194090322771,0.054708712126635285,0.9556171845518121,-0.00010200415729324032,50,126,0,0,0,0
0.6767533943160045,-0.7762373032142991,0.2900747737016969,0.0715586105580428,-0.8383469028506898,0.1441640449158858,0.2247011986166898,0.212532953236388,0.13891556332035523,0.9620322172728959,-0.0005463727893997035,50,127,0,0,0,0
-0.37575193946308616,-1.9584954697474704,0.2637336630779613,0.0373977929364564,-1.24816161673637,0.33013167565019286,0.352810078111097,1.432432030587008,0.09625318876848271,0.96273643359634,0.000373203034022229,50,128,0,0,0,0
0.31644109699518896,-1.1803945487990282,0.20162966120023781,-0.2918857940332025,2.1287129673575143,0.30808982609589436,0.46358417656415796,-0.4918980820164469,0.1522726526520263,0.9565662974045978,-0.00103086621764976,50,129,0,0,0,0
-0.32080712321395755,1.8746910251230116,1.2828886944378644,0.10265083401852593,0.4216356982151934,0.2141318931021609,0.911900508206573,-0.15801540203534614,0.3689761090633829,0.9710871713790443,-0.0007208207493260885,50,130,0,0,0,0
0.2729306075106903,0.17206029646356935,1.2669772705951599,-0.5904812240465125,-0.9351203295639721,0.34399316099433175,0.25588934479493286,2.2935002647984195,0.4752663257806818,0.9729887916510576,-0.0004517712021828356,50,131,0,0,0,0
-0.12263104654253887,-0.3886051567551325,0.11263600130031626,0.4990023252474405,1.9165739039577305,0.22651608590161795,-0.32018876591927103,-0.23698313012319794,0.27516938507427136,0.9589097966141685,0.001174482647593329,50,132,0,0,0,0
-0.3106884352962833,-0.21924516226665425,0.21405527603914598,0.14668512635510922,0.2507320323126798,0.19725783928806465,-0.39162484627954885,1.4911451893732508,0.1085466798574096,0.9680750708842004,0.00146674727062004,50,133,0,0,0,0
-1.0295976534790476,0.525424636757645,1.4355319149966448,-0.07181693611970186,1.3170076340654582,0.29863749144826446,0.11398718381429962,0.0023856983001735443,0.09169842696415058,0.9693788398879585,7.782449436276728e-05,50,134,0,0,0,0
-0.029804733404040107,-0.8636170656459994,0.14229671531735416,0.3965946835424763,-0.3251309731580285,0.14860419289946308,-0.6257341958990628,-3.4316351390507203,0.4567227052701215,0.9835064235333257,-0.0003696475848529145,50,135,0,0,0,0
1.20310190953911,1.749988670408987,0.583594160273181,0.48457033213806344,-0.7147296762528166,0.07783552502026939,-0.025343635300057343,-2.353541221020505,0.37310481086090486,0.9868006400679755,-9.452542908227205e-05,50,136,0,0,0,0
0.1343667060703133,0.018399611082726253,0.22856260663566916,0.056643738798834775,0.6930441589053036,0.2526388433043542,0.45199163866080205,0.9889067587682341,0.11408246920850443,0.9776160713946693,5.189475789937661e-05,50,137,0,0,0,0
-0.04173561632354339,-1.3121752543228737,0.2206158060404546,-0.23412836607766252,0.29943004428534437,0.1254932285393143,-0.276653632437192,0.515619976102915,0.1808230494602447,0.9568301914931571,0.0007607477946700098,50,138,0,0,1,0
0.7213252640580938,-1.6204140335911115,0.2059283111761174,-1.2583406105102912,-2.394083661774964,1.4787518868073204,0.26562899673635165,0.6777137458383091,0.12219168803820242,0.9869972621636068,-0.00020518693181515054,50,139,0,0,0,0
-0.3548445415102126,-1.2109023323091295,0.2742683963984247,1.060885374000617,-1.0143689676106362,0.2674039005292931,-0.6527334349207097,0.09962081628034802,0.25596534647096625,0.9721863741892518,0.0005916855950867859,50,140,0,0,0,0
-0.8846056873278645,-2.462345365549414,0.34642771904893677,-0.5076073323047217,-0.18519128863469092,0.22979804866110576,0.7668240838996132,-0.6905911010779802,0.21243519297323152,0.9533377841122325,0.00028987324207161114,50,141,0,0,0,0
-0.44379324348264415,-0.24203417754639478,0.1522726526520263,-0.17737441970413403,-0.329681829166077,0.07451036920010412,-0.3573367250383006,-0.2816515765032328,0.2002446068371848,0.9689225501443269,-5.457301908606865e-05,50,142,0,0,0,0
0.2039961468710958,1.348029966231941,0.21736403317242742,-0.030297464256110018,-0.733526361193297,0.22005014354710378,-0.2390713993730067,1.5028426099636665,0.22106675182479765,0.9717649507859953,-0.0005950166787467102,50,143,0,0,0,0
-0.5033626535456817,0.6194723665028219,0.12087863900623197,0.41658525251782574,-0.9936078186472344,0.1498936606346835,-0.034005028282933836,-1.0421737972249323,0.22020537047067057,0.974798514714285,-0.00039350675664608277,50,144,0,0,0,0
-0.1626831795061685,1.3948095942874614,0.2746828177733694,-0.1253987339511191,-1.1734270786305023,0.052053210382325084,0.3884781139565323,1.8849836330822605,0.3156391945765527,0.9632065874055789,-0.00040909968082394297,50,145,0,0,0,0
-0.10248588249643475,0.08956053319346591,0.1595575146653725,0.01960807171683321,0.1201612056964585,0.23108043559074537,0.6461999733937942,-2.2793906947181037,0.2207857542188122,0.9615300337437391,0.00024560994257370814,50,146,0,0,0,0
0.5457557930019501,0.44265259944533586,0.28133536464868253,0.557436705953287,0.76116618859459,0.292403165217483,-0.2609326249794366,-0.4287338208495779,0.13048057833864982,0.9559779980774542,-0.0014499002616340558,50,147,0,0,0,0
0.981799883762065,-1.06173769993946,0.44512479370315994,0.529766963139493,1.1380475212427665,0.40854860430057865,0.49519016504196944,-0.4883553029254877,0.19344904813301475,0.9827488661036088,0.0005712408984577536,50,148,0,0,0,0
-0.25571097144814736,1.6054772436112419,0.3115578272702041,-0.6151992240781796,-0.8959281328892885,0.21108549885692732,-0.0197000794341875,-1.2647176947966434,0.10320554319798568,0.9802676621515723,4.876462155010046e-05,50,149,0,0,0,0
0.06071387597168698,-0.4241068587000463,0.16766673349507047,0.23353775691473633,0.22839941252010476,0.15906882244975382,-0.17540127250624948,-0.4852829300124144,0.0925994156399972,0.9675348231902045,-0.000758645122366464,50,150,0,0,0,0
-0.5164504425022889,1.0842290211311258,0.3239897558221334,-0.10472454761958883,-0.7500308164356593,0.2450884204604475,0.10306413325325892,0.4939352119008138,0.14950518157530968,0.9528031445208381,0.0007385101333574422,50,151,0,0,0,0
-0.3160897135784557,0.9884218689391666,0.062009978363017235,-0.07893213079409289,0.5539922725415618,0.19150415617388145,-0.4471370306846367,2.1853884599898334,0.31710003360143896,0.9907045018696106,-0.0004421386749564967,50,152,0,0,0,0
0.7882527694387811,-0.7702018428249833,1.3548657120255445,-0.6056660737271944,0.7071279633615557,0.2471982590800728,-0.23618943285824567,-0.4774213440361841,1.3032248258769525,0.9750763507472027,-0.0005891833753562737,50,153,0,0,0,0
-0.4099359943163945,-1.1214280067851572,0.11408246920850444,0.17085170251853654,0.7339511875374534,0.3509915670690813,0.08727074510202382,-0.5918226771219812,0.2445296244746562,0.9663555100124067,-0.0008671700797215191,50,154,0,0,0,0
-0.05971249005400292,-0.26950510726726584,0.11925890230853284,0.6265958537953447,-0.9138145622520017,0.31959694232972946,0.062047212582394984,0.48373629214486336,0.08893034479387649,0.9628565932559863,-0.0005421851249074662,50,155,0,0,0,0
0.32179405431594876,0.45801389465409414,1.4040027018959509,-0.3118039358109028,-1.6496489408979995,0.2498707611340801,-0.2267800326209466,0.021087949523208138,0.13328650781180953,0.9706146266505215,0.0001231372625919093,50,156,0,0,0,0
-0.15603335868485146,-0.9011916710530912,0.22588438185714238,-0.2722979362429978,0.7226001693200725,0.17383106036563517,-0.7207102423614256,0.08766153334497417,0.21063986870578244,0.9862192642050165,-0.00044122537354678894,50,157,0,0,0,0
0.18492391398069952,-1.3533303533022751,0.1886382356660829,-0.28748939617228775,-0.13272836978817182,0.10483316981183459,0.12877672378917016,0.39609139912921165,0.20197056342294073,0.9541887262970828,0.0003456434035248018,50,158,0,0,0,0
0.005849306509247754,-1.7984043189026542,0.23569114284623774,-0.1041759836864058,-0.024927019107142456,0.1979163139035091,0.033533780861590756,-0.34973297095805833,0.15028223541211863,0.9677090158488107,0.0013503624797829615,50,159,0,0,0,0
0.3538927932039684,1.3731031561837241,1.2874184485736802,-0.09199745310608431,0.49306964364091677,0.30233614298171113,0.24018219723196665,0.3996101831718466,0.21243519297323152,0.9418072002506096,0.0011931336560072052,50,160,0,0,0,0
-0.1591399841461616,0.34804314353163335,0.0925994156399972,-0.44008774755744984,-0.2040281216286175,0.2275578642701879,-0.32114248951281343,-1.5203108239754952,0.16807902995529844,0.9876253444824965,-0.0008206480582639553,50,161,0,0,0,0
-0.20586113325473576,-2.4088244790902484,0.4494840111427375,0.3374649750549503,-0.8161064403315654,0.2649719690583876,0.6068231712829268,0.96881752633983,0.1627604589855156,0.961328896013908,-0.0001958020461054247,50,162,0,0,0,0
-0.7295079218340152,0.13641482746484357,0.3304042518014917,0.28558457083493316,0.11659722953783636,0.12219168803820243,1.0935136265532641,-1.5683518111550958,0.39826411612865237,0.9673074804963518,-0.0009585421671638566,50,163,0,1,0,0
-0.1676069155867399,-0.8468423096784621,0.1183817302779415,-0.6618005792880783,-1.0183552048340276,0.24617636838075713,-0.18669404608487028,-0.5621412965836541,0.20245925563855938,0.9472505857422743,-0.000573670075971825,50,164,0,0,0,0
0.4851413627660861,-0.5889748571943141,0.32734108694318476,-0.26337879697337296,0.8343621015605276,0.2925738068026263,0.27397946787138405,-1.0253836249460555,0.2670601662445733,0.9700814308114073,0.001181109199553895,50,165,0,0,0,0
-0.28612657441908684,1.5415304766297018,0.19150415617388145,0.15508960613605804,0.16633632858763647,0.08893610169680236,0.22572500239101068,-0.8896870743611922,0.050109971127038286,0.9571644213263348,0.0011848566048557278,50,166,0,0,0,0
0.11534763989938845,-0.8685303558359712,0.11925890230853285,0.14384848462453537,-1.6959655558322355,0.3994441437858719,-0.38932803562693774,1.1619877485050392,0.19269653843602028,0.9700959668330629,0.0006781078731909089,50,167,0,0,0,0
1.0018068222805976,0.19845116881215752,0.44574518937139274,0.2599299992659301,-0.8564779074693849,0.1085466798574096,-0.8029343221515299,-0.47541652368362897,0.2694885127973556,0.9725620326554809,-0.0007673647218811386,50,168,0,0,0,0
0.33440043495795546,1.8134861468834886,0.2755816815344993,0.09828900816331032,-1.4812455360673331,0.17577595232476848,-0.6301845059396225,-0.13788312708854633,0.14404790918133714,0.9682520075786607,0.00037335857858598865,50,169,0,0,0,0
-0.3310896279706581,0.801746850631007,0.11471265943182077,-0.14766155204097497,-1.6265606178293206,1.2484034222151714,0.4963976694161367,-1.234602657982129,0.2995943524198299,0.9711986976872876,-0.0013646092195860205,50,170,0,0,0,0
-0.5701588931394133,-1.0642440367725188,0.19662942676351686,0.4749009524618062,0.4775570924270651,0.2752407793117964,-0.28362159183486124,0.19458245453753253,0.26511705198420854,0.9690190063889375,0.00048143635610303743,50,171,0,0,0,0
-0.02355186469190418,-0.5876753763716334,0.13845405141227476,-0.4769920208206422,2.5028148263047933,0.4078247721616576,0.30343212900058525,-0.0281057079011946,0.2746806928586527,0.9873674545838269,-0.0007301937484874139,50,172,0,0,0,0
0.5511856914520132,1.4236197789628289,1.2688446001936915,1.4052227938521797,0.34357315476391825,0.3436149838770283,-0.19542546688534657,0.2576092262903469,0.18863823566608293,0.9937772764523435,-4.8661555755451425e-05,50,173,0,0,0,0
0.6254808537448353,-2.582530034463929,0.25742154621448093,0.6940556740235113,0.8723865798849104,0.2506967706542784,0.5317250220734238,0.8262975075233756,0.26172019619036047,0.9917333493325735,-0.00026589537144063925,50,174,0,0,0,0
0.49271229529110894,0.02199855611768342,1.244914378130608,-0.5151174183908154,0.43923733772402507,0.5149876881233666,0.3598433188497143,-0.6148709754325123,0.19879018479243865,0.9852144649952581,-0.0008532602793306544,50,175,0,0,0,0
-0.30544426464173746,0.9185213229934259,0.3158564772460837,-0.2366029466854096,0.4223313887029807,0.07742322856004138,0.26511471232392125,0.8899308301999964,0.06487483458074723,0.9663871953108567,0.00034668385483772846,50,176,0,0,0,0
-0.33430893265691264,-2.392302129156313,0.3591693480742875,-0.22820912753199885,0.29139520282093123,0.15657191372146334,0.10028345823114293,-0.7600608575450414,0.33671636866497207,0.9755393258919918,7.7470445403604e-05,50,177,0,0,0,0
-0.7615807872165021,1.0374719630789695,0.09468402790805969,0.08776076948061196,0.16406143408639728,0.24336537950379314,0.030492384698678876,3.2254473585043133,0.2124981955094891,0.9696917927359174,0.0006429409676366918,50,178,0,0,0,0
-0.4159004524585166,1.3093094741678737,0.16399766264894977,-0.4510566253915629,-1.0710593420532843,1.2552075888128986,-0.5706007340957067,-0.49039997488155507,0.15906882244975384,0.9852615352219383,0.0006799941275981308,50,179,0,0,0,0
-0.793145876042832,-0.8521087039642383,0.23226881070629546,-0.09236612828400759,0.09862346058304361,0.36985303799287766,-0.3734735941249472,-2.1168655232062212,0.26172019619036047,0.9738465808381688,0.00022118640336213672,50,180,0,0,0,0
0.46644944670384536,-0.5106012277774976,0.15028223541211863,0.9788051121918881,0.5659627623485743,0.14692388345246488,0.010980120734071619,0.4549709763717473,0.14035347606206736,0.9841754764668995,-0.0002288665497959342,50,181,0,0,0,0
-0.49954308819765103,-0.7647980329661914,0.15249054641511464,-0.5225834550844555,0.2889841051321884,0.2516666964950866,0.09044045585205751,0.29127951095790294,0.4343647100670384,0.9443628477769884,-0.0021163128411939864,50,182,0,0,0,0
0.5166261259593377,-0.619198195267809,0.21673445404266858,-0.3307797890506059,-0.5082519091064732,0.14846269489176536,-0.050682452660034016,-1.4705620753195285,0.17827286105305895,0.9776376620436633,0.00012845633717328817,50,183,0,0,0,0
-0.237189998898379,-1.1502687153041231,0.3665505945726175,0.19448385160827186,-0.8411934526497777,0.21243519297323152,-0.401999008926329,-1.5213069524390006,0.32438011745072637,0.9733695137927931,-0.00047008773592535473,50,184,0,0,0,0
-0.3250163419497616,0.30201742410615573,0.24317017145261938,-0.19231133222117336,-0.9957778250649021,0.050109971127038286,-0.34542074765653386,0.28622970576920803,0.1738278395225601,0.9716744842799528,-0.0009377934642935224,50,185,0,0,0,0
0.11473810412777219,0.9992765917504771,0.15074524896562513,-0.1638477526508506,-0.2569431171803984,0.08400150459468056,0.7911367823485707,1.5877628939978319,1.4013301998419434,0.948471934736219,-0.0005980855892817131,50,186,0,0,0,0
-0.370497468300341,-0.4106110775601248,0.17147669125533138,0.9422746577151759,-2.7025742640839985,0.4310799291011678,-0.3377872672950728,1.2288067085532433,0.22005014354710378,0.9643258915752319,0.002047742117941252,50,187,0,0,0,0
0.33257347738343146,1.3337891858933606,0.20585691693859232,0.02438520382866738,1.450966616195977,0.20876495552189975,0.30023202429826057,0.5089062467123178,0.45629472853339337,0.9923621861399171,-0.0004945863478750063,50,188,0,0,0,0
-0.08805645362091497,0.24543812184968772,0.2772539973423338,-0.09099256906945552,0.021003390406782785,0.08074469543088558,0.2365067714789184,-0.3261496991703723,1.3994628702434118,0.9622691651224575,0.0008113291154666903,50,189,0,0,0,0
0.37112518125885696,-0.5148202493631233,0.35397966708655143,0.20638788717884626,0.8822744164692082,0.08893610169680236,0.10301511370920569,-0.4921769312348214,1.4103151809959251,0.9624977638082431,-0.0002814880397195834,50,190,0,0,0,0
-0.5412784183847572,0.5537480335954683,0.13418749648765618,-1.0684085100207925,-0.5621533610935332,0.33248816967521333,-0.18494993400973314,-1.9639345764740064,1.311987683582761,0.98460153098077,-9.034702077587576e-05,50,191,0,0,0,0
0.14002819866077143,-1.4260249103738483,0.21056847446825736,0.27191090767508364,-0.3096928744672294,0.23600927578994127,-0.5931391730095532,-0.8145325580532434,1.2829975681647794,0.966206691725553,-0.00022507050164593368,50,192,0,0,0,0
0.40843284328695706,-0.2173984374616218,0.17618824878499648,-0.07579578184100377,-1.1539660420163225,0.14846269489176536,0.8490573345573065,0.02643292512395412,0.34669230599964423,0.9472455359466685,0.00030390652747980024,50,193,0,0,0,0
